timeStamp,elapsed,label,responseCode,responseMessage,threadName,dataType,success,failureMessage,bytes,sentBytes,grpThreads,allThreads,URL,Latency,IdleTime,Connect
1662276268063,1645,Google-HTTP-Request-Sampler_850000,200,OK,No-of-user(Thread Group)_${a} 1-1,text,false,"The result was the wrong size: It was 829,648 bytes, but should have been less than or equal to 821,560 bytes.",829648,187,2,2,https://www.youtube.com/watch?v=3eR4L56pHxk&list=PLhW3qG5bs-L_FSu9I7KlJGavyRaIaP1EC&index=4,1011,0,914
1662276269458,565,Google-HTTP-Request-Sampler_850000,200,OK,No-of-user(Thread Group)_${a} 1-2,text,false,"The result was the wrong size: It was 826,874 bytes, but should have been less than or equal to 821,560 bytes.",826874,187,2,2,https://www.youtube.com/watch?v=3eR4L56pHxk&list=PLhW3qG5bs-L_FSu9I7KlJGavyRaIaP1EC&index=4,164,0,88
1662276269727,565,Google-HTTP-Request-Sampler_850000,200,OK,No-of-user(Thread Group)_${a} 1-1,text,true,,818180,187,2,2,https://www.youtube.com/watch?v=3eR4L56pHxk&list=PLhW3qG5bs-L_FSu9I7KlJGavyRaIaP1EC&index=4,80,0,0
1662276270037,598,Google-HTTP-Request-Sampler_850000,200,OK,No-of-user(Thread Group)_${a} 1-2,text,false,"The result was the wrong size: It was 828,085 bytes, but should have been less than or equal to 821,560 bytes.",828085,187,1,1,https://www.youtube.com/watch?v=3eR4L56pHxk&list=PLhW3qG5bs-L_FSu9I7KlJGavyRaIaP1EC&index=4,158,0,0
1662276270975,777,Google-HTTP-Request-Sampler_850000,200,OK,No-of-user(Thread Group)_${a} 1-3,text,false,"The result was the wrong size: It was 848,042 bytes, but should have been less than or equal to 821,560 bytes.",848042,187,1,1,https://www.youtube.com/watch?v=3eR4L56pHxk&list=PLhW3qG5bs-L_FSu9I7KlJGavyRaIaP1EC&index=4,198,0,82
1662276271754,532,Google-HTTP-Request-Sampler_850000,200,OK,No-of-user(Thread Group)_${a} 1-3,text,false,"The result was the wrong size: It was 831,717 bytes, but should have been less than or equal to 821,560 bytes.",831717,187,1,1,https://www.youtube.com/watch?v=3eR4L56pHxk&list=PLhW3qG5bs-L_FSu9I7KlJGavyRaIaP1EC&index=4,79,0,0
1662276272452,592,Google-HTTP-Request-Sampler_850000,200,OK,No-of-user(Thread Group)_${a} 1-4,text,false,"The result was the wrong size: It was 826,928 bytes, but should have been less than or equal to 821,560 bytes.",826928,187,1,1,https://www.youtube.com/watch?v=3eR4L56pHxk&list=PLhW3qG5bs-L_FSu9I7KlJGavyRaIaP1EC&index=4,161,0,88
1662276273048,543,Google-HTTP-Request-Sampler_850000,200,OK,No-of-user(Thread Group)_${a} 1-4,text,false,"The result was the wrong size: It was 830,549 bytes, but should have been less than or equal to 821,560 bytes.",830549,187,1,1,https://www.youtube.com/watch?v=3eR4L56pHxk&list=PLhW3qG5bs-L_FSu9I7KlJGavyRaIaP1EC&index=4,122,0,0
1662276273934,590,Google-HTTP-Request-Sampler_850000,200,OK,No-of-user(Thread Group)_${a} 1-5,text,false,"The result was the wrong size: It was 832,853 bytes, but should have been less than or equal to 821,560 bytes.",832853,187,1,1,https://www.youtube.com/watch?v=3eR4L56pHxk&list=PLhW3qG5bs-L_FSu9I7KlJGavyRaIaP1EC&index=4,182,0,93
1662276274527,650,Google-HTTP-Request-Sampler_850000,200,OK,No-of-user(Thread Group)_${a} 1-5,text,false,"The result was the wrong size: It was 828,917 bytes, but should have been less than or equal to 821,560 bytes.",828917,187,1,1,https://www.youtube.com/watch?v=3eR4L56pHxk&list=PLhW3qG5bs-L_FSu9I7KlJGavyRaIaP1EC&index=4,72,0,0
1662276275436,658,Google-HTTP-Request-Sampler_850000,200,OK,No-of-user(Thread Group)_${a} 1-6,text,false,"The result was the wrong size: It was 824,146 bytes, but should have been less than or equal to 821,560 bytes.",824146,187,1,1,https://www.youtube.com/watch?v=3eR4L56pHxk&list=PLhW3qG5bs-L_FSu9I7KlJGavyRaIaP1EC&index=4,160,0,90
1662276276096,470,Google-HTTP-Request-Sampler_850000,200,OK,No-of-user(Thread Group)_${a} 1-6,text,true,,819288,187,1,1,https://www.youtube.com/watch?v=3eR4L56pHxk&list=PLhW3qG5bs-L_FSu9I7KlJGavyRaIaP1EC&index=4,118,0,0
1662276276935,557,Google-HTTP-Request-Sampler_850000,200,OK,No-of-user(Thread Group)_${a} 1-7,text,false,"The result was the wrong size: It was 834,510 bytes, but should have been less than or equal to 821,560 bytes.",834510,187,1,1,https://www.youtube.com/watch?v=3eR4L56pHxk&list=PLhW3qG5bs-L_FSu9I7KlJGavyRaIaP1EC&index=4,200,0,84
1662276277494,508,Google-HTTP-Request-Sampler_850000,200,OK,No-of-user(Thread Group)_${a} 1-7,text,false,"The result was the wrong size: It was 830,335 bytes, but should have been less than or equal to 821,560 bytes.",830335,187,1,1,https://www.youtube.com/watch?v=3eR4L56pHxk&list=PLhW3qG5bs-L_FSu9I7KlJGavyRaIaP1EC&index=4,73,0,0
1662276278432,690,Google-HTTP-Request-Sampler_850000,200,OK,No-of-user(Thread Group)_${a} 1-8,text,true,,819414,187,1,1,https://www.youtube.com/watch?v=3eR4L56pHxk&list=PLhW3qG5bs-L_FSu9I7KlJGavyRaIaP1EC&index=4,158,0,82
1662276279123,466,Google-HTTP-Request-Sampler_850000,200,OK,No-of-user(Thread Group)_${a} 1-8,text,true,,819748,187,1,1,https://www.youtube.com/watch?v=3eR4L56pHxk&list=PLhW3qG5bs-L_FSu9I7KlJGavyRaIaP1EC&index=4,73,0,0
1662276279933,679,Google-HTTP-Request-Sampler_850000,200,OK,No-of-user(Thread Group)_${a} 1-9,text,true,,816040,187,1,1,https://www.youtube.com/watch?v=3eR4L56pHxk&list=PLhW3qG5bs-L_FSu9I7KlJGavyRaIaP1EC&index=4,162,0,91
1662276280615,651,Google-HTTP-Request-Sampler_850000,200,OK,No-of-user(Thread Group)_${a} 1-9,text,false,"The result was the wrong size: It was 835,723 bytes, but should have been less than or equal to 821,560 bytes.",835723,187,1,1,https://www.youtube.com/watch?v=3eR4L56pHxk&list=PLhW3qG5bs-L_FSu9I7KlJGavyRaIaP1EC&index=4,76,0,0
1662276281434,678,Google-HTTP-Request-Sampler_850000,200,OK,No-of-user(Thread Group)_${a} 1-10,text,false,"The result was the wrong size: It was 825,561 bytes, but should have been less than or equal to 821,560 bytes.",825561,187,1,1,https://www.youtube.com/watch?v=3eR4L56pHxk&list=PLhW3qG5bs-L_FSu9I7KlJGavyRaIaP1EC&index=4,208,0,135
1662276282116,553,Google-HTTP-Request-Sampler_850000,200,OK,No-of-user(Thread Group)_${a} 1-10,text,false,"The result was the wrong size: It was 829,161 bytes, but should have been less than or equal to 821,560 bytes.",829161,187,1,1,https://www.youtube.com/watch?v=3eR4L56pHxk&list=PLhW3qG5bs-L_FSu9I7KlJGavyRaIaP1EC&index=4,164,0,0
1662276282925,1020,Google-HTTP-Request-Sampler_850000,200,OK,No-of-user(Thread Group)_${a} 1-11,text,false,"The operation lasted too long: It took 1,020 milliseconds, but should not have lasted longer than 1,000 milliseconds.",819846,187,1,1,https://www.youtube.com/watch?v=3eR4L56pHxk&list=PLhW3qG5bs-L_FSu9I7KlJGavyRaIaP1EC&index=4,168,0,97
1662276283949,616,Google-HTTP-Request-Sampler_850000,200,OK,No-of-user(Thread Group)_${a} 1-11,text,false,"The result was the wrong size: It was 827,635 bytes, but should have been less than or equal to 821,560 bytes.",827635,187,2,2,https://www.youtube.com/watch?v=3eR4L56pHxk&list=PLhW3qG5bs-L_FSu9I7KlJGavyRaIaP1EC&index=4,71,0,0
1662276284425,648,Google-HTTP-Request-Sampler_850000,200,OK,No-of-user(Thread Group)_${a} 1-12,text,false,"The result was the wrong size: It was 827,420 bytes, but should have been less than or equal to 821,560 bytes.",827420,187,1,1,https://www.youtube.com/watch?v=3eR4L56pHxk&list=PLhW3qG5bs-L_FSu9I7KlJGavyRaIaP1EC&index=4,208,0,90
1662276285077,499,Google-HTTP-Request-Sampler_850000,200,OK,No-of-user(Thread Group)_${a} 1-12,text,false,"The result was the wrong size: It was 826,770 bytes, but should have been less than or equal to 821,560 bytes.",826770,187,1,1,https://www.youtube.com/watch?v=3eR4L56pHxk&list=PLhW3qG5bs-L_FSu9I7KlJGavyRaIaP1EC&index=4,70,0,0
1662276285925,737,Google-HTTP-Request-Sampler_850000,200,OK,No-of-user(Thread Group)_${a} 1-13,text,true,,818852,187,1,1,https://www.youtube.com/watch?v=3eR4L56pHxk&list=PLhW3qG5bs-L_FSu9I7KlJGavyRaIaP1EC&index=4,216,0,98
1662276286665,500,Google-HTTP-Request-Sampler_850000,200,OK,No-of-user(Thread Group)_${a} 1-13,text,true,,816735,187,1,1,https://www.youtube.com/watch?v=3eR4L56pHxk&list=PLhW3qG5bs-L_FSu9I7KlJGavyRaIaP1EC&index=4,70,0,0
1662276287442,700,Google-HTTP-Request-Sampler_850000,200,OK,No-of-user(Thread Group)_${a} 1-14,text,true,,818328,187,1,1,https://www.youtube.com/watch?v=3eR4L56pHxk&list=PLhW3qG5bs-L_FSu9I7KlJGavyRaIaP1EC&index=4,152,0,79
1662276288146,410,Google-HTTP-Request-Sampler_850000,200,OK,No-of-user(Thread Group)_${a} 1-14,text,true,,820420,187,1,1,https://www.youtube.com/watch?v=3eR4L56pHxk&list=PLhW3qG5bs-L_FSu9I7KlJGavyRaIaP1EC&index=4,125,0,0
1662276288922,580,Google-HTTP-Request-Sampler_850000,200,OK,No-of-user(Thread Group)_${a} 1-15,text,false,"The result was the wrong size: It was 824,167 bytes, but should have been less than or equal to 821,560 bytes.",824167,187,1,1,https://www.youtube.com/watch?v=3eR4L56pHxk&list=PLhW3qG5bs-L_FSu9I7KlJGavyRaIaP1EC&index=4,218,0,65
1662276289506,491,Google-HTTP-Request-Sampler_850000,200,OK,No-of-user(Thread Group)_${a} 1-15,text,false,"The result was the wrong size: It was 822,743 bytes, but should have been less than or equal to 821,560 bytes.",822743,187,1,1,https://www.youtube.com/watch?v=3eR4L56pHxk&list=PLhW3qG5bs-L_FSu9I7KlJGavyRaIaP1EC&index=4,83,0,0
1662276290425,590,Google-HTTP-Request-Sampler_850000,200,OK,No-of-user(Thread Group)_${a} 1-16,text,false,"The result was the wrong size: It was 826,977 bytes, but should have been less than or equal to 821,560 bytes.",826977,187,1,1,https://www.youtube.com/watch?v=3eR4L56pHxk&list=PLhW3qG5bs-L_FSu9I7KlJGavyRaIaP1EC&index=4,163,0,90
1662276291018,524,Google-HTTP-Request-Sampler_850000,200,OK,No-of-user(Thread Group)_${a} 1-16,text,true,,818739,187,1,1,https://www.youtube.com/watch?v=3eR4L56pHxk&list=PLhW3qG5bs-L_FSu9I7KlJGavyRaIaP1EC&index=4,79,0,0
1662276291925,561,Google-HTTP-Request-Sampler_850000,200,OK,No-of-user(Thread Group)_${a} 1-17,text,false,"The result was the wrong size: It was 827,898 bytes, but should have been less than or equal to 821,560 bytes.",827898,187,1,1,https://www.youtube.com/watch?v=3eR4L56pHxk&list=PLhW3qG5bs-L_FSu9I7KlJGavyRaIaP1EC&index=4,152,0,77
1662276292490,946,Google-HTTP-Request-Sampler_850000,200,OK,No-of-user(Thread Group)_${a} 1-17,text,false,"The result was the wrong size: It was 828,125 bytes, but should have been less than or equal to 821,560 bytes.",828125,187,2,2,https://www.youtube.com/watch?v=3eR4L56pHxk&list=PLhW3qG5bs-L_FSu9I7KlJGavyRaIaP1EC&index=4,80,0,0
1662276293424,823,Google-HTTP-Request-Sampler_850000,200,OK,No-of-user(Thread Group)_${a} 1-18,text,true,,820909,187,1,1,https://www.youtube.com/watch?v=3eR4L56pHxk&list=PLhW3qG5bs-L_FSu9I7KlJGavyRaIaP1EC&index=4,160,0,93
1662276294250,621,Google-HTTP-Request-Sampler_850000,200,OK,No-of-user(Thread Group)_${a} 1-18,text,false,"The result was the wrong size: It was 825,199 bytes, but should have been less than or equal to 821,560 bytes.",825199,187,1,1,https://www.youtube.com/watch?v=3eR4L56pHxk&list=PLhW3qG5bs-L_FSu9I7KlJGavyRaIaP1EC&index=4,75,0,0
1662276294931,602,Google-HTTP-Request-Sampler_850000,200,OK,No-of-user(Thread Group)_${a} 1-19,text,true,,819129,187,1,1,https://www.youtube.com/watch?v=3eR4L56pHxk&list=PLhW3qG5bs-L_FSu9I7KlJGavyRaIaP1EC&index=4,176,0,92
1662276295535,458,Google-HTTP-Request-Sampler_850000,200,OK,No-of-user(Thread Group)_${a} 1-19,text,true,,819626,187,1,1,https://www.youtube.com/watch?v=3eR4L56pHxk&list=PLhW3qG5bs-L_FSu9I7KlJGavyRaIaP1EC&index=4,160,0,0
1662276296424,653,Google-HTTP-Request-Sampler_850000,200,OK,No-of-user(Thread Group)_${a} 1-20,text,false,"The result was the wrong size: It was 829,457 bytes, but should have been less than or equal to 821,560 bytes.",829457,187,1,1,https://www.youtube.com/watch?v=3eR4L56pHxk&list=PLhW3qG5bs-L_FSu9I7KlJGavyRaIaP1EC&index=4,294,0,105
1662276297080,998,Google-HTTP-Request-Sampler_850000,200,OK,No-of-user(Thread Group)_${a} 1-20,text,true,,821268,187,1,1,https://www.youtube.com/watch?v=3eR4L56pHxk&list=PLhW3qG5bs-L_FSu9I7KlJGavyRaIaP1EC&index=4,78,0,0
